create table tb_cidade (id bigint not null auto_increment, nome varchar(255) not null, estado_id bigint not null, primary key (id)) engine=InnoDB;
create table tb_cozinha (id bigint not null auto_increment, nome varchar(255), primary key (id)) engine=InnoDB;
create table tb_estado (id bigint not null auto_increment, nome varchar(255) not null, primary key (id)) engine=InnoDB;
create table tb_forma_pagamento (id bigint not null auto_increment, descricao varchar(255) not null, primary key (id)) engine=InnoDB;
create table tb_grupo (id bigint not null auto_increment, nome varchar(255) not null, primary key (id)) engine=InnoDB;
create table tb_grupo_permissao (grupo_id bigint not null, permissao_id bigint not null) engine=InnoDB;
create table tb_permissao (id bigint not null auto_increment, descricao varchar(255) not null, nome varchar(255) not null, primary key (id)) engine=InnoDB;
create table tb_produto (id bigint not null auto_increment, ativo bit not null, descricao varchar(255) not null, nome varchar(255) not null, preco decimal(19,2) not null, restaurante_id bigint not null, primary key (id)) engine=InnoDB;
create table tb_restaurante (id bigint not null auto_increment, data_atualizacao datetime not null, data_cadastro datetime not null, endereco_bairro varchar(255), endereco_cep varchar(255), endereco_complemento varchar(255), endereco_logradouro varchar(255), endereco_numero varchar(255), nome varchar(255) not null, taxa_frete decimal(19,2) not null, cozinha_id bigint not null, endereco_cidade_id bigint, primary key (id)) engine=InnoDB;
create table tb_restaurante_forma_pagamento (restaurante_id bigint not null, forma_pagamento_id bigint not null) engine=InnoDB;
create table tb_usuario (id bigint not null auto_increment, data_atualizacao datetime not null, data_cadastro datetime not null, email varchar(255) not null, nome varchar(255) not null, senha varchar(255) not null, primary key (id)) engine=InnoDB;
create table tb_usuario_grupo (usuario_id bigint not null, grupo_id bigint not null) engine=InnoDB;
alter table tb_cidade add constraint FKlxge3ne91xrep1oe4cvrjldmm foreign key (estado_id) references tb_estado (id);
alter table tb_grupo_permissao add constraint FKebkjqmqseopi0eipijfo06vh8 foreign key (permissao_id) references tb_permissao (id);
alter table tb_grupo_permissao add constraint FKc35tefcxk6t0b4u5qaenlv63e foreign key (grupo_id) references tb_grupo (id);
alter table tb_produto add constraint FK1fh03prrjxetvrl6d4ut5r1r0 foreign key (restaurante_id) references tb_restaurante (id);
alter table tb_restaurante add constraint FKpsus3qnrv5sxgm95m8epaievn foreign key (cozinha_id) references tb_cozinha (id);
alter table tb_restaurante add constraint FKp5f7gcswjq064qro5pfjoj49r foreign key (endereco_cidade_id) references tb_cidade (id);
alter table tb_restaurante_forma_pagamento add constraint FKsi78wf2v77p8yv9swve1qd4bx foreign key (forma_pagamento_id) references tb_forma_pagamento (id);
alter table tb_restaurante_forma_pagamento add constraint FKngs0dntt47n5xpnued71e7oc5 foreign key (restaurante_id) references tb_restaurante (id);
alter table tb_usuario_grupo add constraint FKfox4y8jslkfybem54i4jyndnj foreign key (grupo_id) references tb_grupo (id);
alter table tb_usuario_grupo add constraint FKos1k9g527yqpdorasypy0h72d foreign key (usuario_id) references tb_usuario (id);
INSERT INTO tb_cozinha (id, nome) VALUES (1, 'Tailandesa');
INSERT INTO tb_cozinha (id, nome) VALUES (2, 'Indiana');
INSERT INTO tb_cozinha (id, nome) VALUES (3, 'Argentina');
INSERT INTO tb_cozinha (id, nome) VALUES (4, 'Brasileira');
INSERT INTO tb_estado (id, nome) VALUES (1, 'Minas Gerais');
INSERT INTO tb_estado (id, nome) VALUES (2, 'São Paulo');
INSERT INTO tb_estado (id, nome) VALUES (3, 'Ceará');
INSERT INTO tb_cidade (id, nome, estado_id) VALUES (1, 'Uberlândia', 1);
INSERT INTO tb_cidade (id, nome, estado_id) VALUES (2, 'Belo Horizonte', 1);
INSERT INTO tb_cidade (id, nome, estado_id) VALUES (3, 'São Paulo', 2);
INSERT INTO tb_cidade (id, nome, estado_id) VALUES (4, 'Campinas', 2);
INSERT INTO tb_cidade (id, nome, estado_id) VALUES (5, 'Fortaleza', 3);
INSERT INTO tb_restaurante (id, nome, taxa_frete, cozinha_id, endereco_cep, endereco_logradouro, endereco_numero, endereco_complemento, endereco_bairro, endereco_cidade_id, data_cadastro, data_atualizacao) VALUES (1, 'Thai Gourmet', 10, 1, '38400-999', 'Rua João Pinheiro', '1000', null, 'Centro',  1, utc_timestamp, utc_timestamp);
INSERT INTO tb_restaurante (id, nome, taxa_frete, cozinha_id, data_cadastro, data_atualizacao) VALUES (2, 'Thai Delivery', 9.50, 1, utc_timestamp, utc_timestamp);
INSERT INTO tb_restaurante (id, nome, taxa_frete, cozinha_id, data_cadastro, data_atualizacao) VALUES (3 ,'Tuk Tuk Comida Indiana', 15, 2, utc_timestamp, utc_timestamp);
INSERT INTO tb_restaurante (id, nome, taxa_frete, cozinha_id, data_cadastro, data_atualizacao) VALUES (4, 'Java Steakhouse', 12, 3, utc_timestamp, utc_timestamp);
INSERT INTO tb_restaurante (id, nome, taxa_frete, cozinha_id, data_cadastro, data_atualizacao) VALUES (5, 'Lanchonete do Tio Sam', 11, 4, utc_timestamp, utc_timestamp);
INSERT INTO tb_restaurante (id, nome, taxa_frete, cozinha_id, data_cadastro, data_atualizacao) VALUES (6, 'Bar da Maria', 6, 4, utc_timestamp, utc_timestamp);
INSERT INTO tb_forma_pagamento (id, descricao) VALUES (1, 'Cartão de crédito');
INSERT INTO tb_forma_pagamento (id, descricao) VALUES (2, 'Cartão de débito');
INSERT INTO tb_forma_pagamento (id, descricao) VALUES (3, 'Dinheiro');
INSERT INTO tb_forma_pagamento (id, descricao) VALUES (4, 'Pix');
INSERT INTO tb_permissao (id, nome, descricao) VALUES (1, 'CONSULTAR_COZINHAS', 'Permite consultar cozinhas');
INSERT INTO tb_permissao (id, nome, descricao) VALUES (2, 'EDITAR_COZINHAS', 'Permite editar cozinhas');
INSERT INTO tb_restaurante_forma_pagamento (restaurante_id, forma_pagamento_id) VALUES (1, 1), (1, 2), (1, 3), (1, 4), (2, 1), (2, 2), (2, 3), (2, 4), (3, 1), (3, 2), (3, 3), (3, 4), (4, 1), (4, 2), (5, 1), (5, 2), (6, 3);
INSERT INTO tb_produto (nome, descricao, preco, ativo, restaurante_id) VALUES ('Porco com molho agridoce', 'Deliciosa carne suína ao molho especial', 78.90, 1, 1);
INSERT INTO tb_produto (nome, descricao, preco, ativo, restaurante_id) VALUES ('Camarão tailandês', '16 camarões grandes ao molho picante', 110, 1, 1);
INSERT INTO tb_produto (nome, descricao, preco, ativo, restaurante_id) VALUES ('Salada picante com carne grelhada', 'Salada de folhas com cortes finos de carne bovina grelhada e nosso molho especial de pimenta vermelha', 87.20, 1, 2);
INSERT INTO tb_produto (nome, descricao, preco, ativo, restaurante_id) VALUES ('Garlic Naan', 'Pão tradicional indiano com cobertura de alho', 21, 1, 3);
INSERT INTO tb_produto (nome, descricao, preco, ativo, restaurante_id) VALUES ('Murg Curry', 'Cubos de frango preparados com molho curry e especiarias', 43, 1, 3);
INSERT INTO tb_produto (nome, descricao, preco, ativo, restaurante_id) VALUES ('Bife Ancho', 'Corte macio e suculento, com dois dedos de espessura, retirado da parte dianteira do contrafilé', 79, 1, 4);
INSERT INTO tb_produto (nome, descricao, preco, ativo, restaurante_id) VALUES ('T-Bone', 'Corte muito saboroso, com um osso em formato de T, sendo de um lado o contrafilé e do outro o filé mignon', 89, 1, 4);
INSERT INTO tb_produto (nome, descricao, preco, ativo, restaurante_id) VALUES ('Sanduíche X-Tudo', 'Sandubão com muito queijo, hamburger bovino, bacon, ovo, salada e maionese', 19, 1, 5);
INSERT INTO tb_produto (nome, descricao, preco, ativo, restaurante_id) VALUES ('Espetinho de Cupim', 'Acompanha farinha, mandioca e vinagrete', 8, 1, 6);
